Workbook

Sheet Instrucciones
A1: GlowRitual — Comparativa de Proveedores (Alibaba)
A3: Cómo usar este archivo
A4: 1. Ve a la hoja 'Comparativa Proveedores'.
A5: 2. Escribe/edita solo las celdas en AZUL (son las que tú llenas con la info que te den los proveedores).
A6: 3. Las celdas en NEGRO se calculan solas con fórmulas — no las edites a mano.
A7: 4. Las celdas con fondo AMARILLO son criterios clave que definen el 'Puntaje' y el 'Ganador' — puedes ajustarlas si cambian tus prioridades.
A8: 5. Agrega una fila por cada proveedor que contactes (mínimo 10-20, según la guía de contacto).
A9: 6. Revisa la hoja 'Resumen' — ahí se calcula automáticamente cuál proveedor conviene más según precio, MOQ y confiabilidad.
A11: Leyenda de colores
A12: Texto azul = campo que tú llenas (input)
A13: Texto negro = fórmula, no tocar
A14: Fondo amarillo = criterio/parámetro clave
... A26: Los 7 nombres precargados en la hoja de comparativa son fábricas de mascarillas LED encontradas en Alibaba (con OEM/ODM); verifícalas tú mismo (Verified Supplier, Trade Assurance, años, reseñas) antes de escribirles.

Sheet Comparativa Proveedores
A1: Comparativa de Proveedores — GlowRitual (LED Face Mask)
A2: Llena las celdas azules con la información que te den los proveedores. Las columnas negras se calculan solas.
W3: Parámetros de decisión
A4: Proveedor / Fábrica | B4: Link Alibaba | C4: Verified Supplier (Sí/No) | D4: Trade Assurance (Sí/No) | E4: Años en Alibaba | F4: Tasa de respuesta (%) | G4: Precio FOB @ MOQ (USD) | H4: Precio @ 500 uds (USD) | I4: Precio @ 1000 uds (USD) | J4: MOQ (unidades) | K4: MOQ Private Label | L4: Certificaciones (CE/RoHS/FCC) | M4: Costo muestra (USD) | N4: Tiempo producción (días) | O4: Tiempo envío (días) | P4: Lead time total (días) | Q4: Videollamada realizada (Sí/No) | R4: Calidad de comunicación (1-5) | S4: Notas / Red flags | T4: Cumple mínimos | U4: Puntaje | W4: Precio objetivo máx. por unidad (USD) | X4: 12
A5: EJEMPLO — Proveedor Modelo Co., Ltd. | B5: https://www.alibaba.com/product-detail/example | C5: Sí | D5: Sí | E5: 6 | F5: 96 | G5: 9.8 | H5: 8.5 | I5: 7.2 | J5: 50 | K5: 100 | L5: CE, RoHS, FCC | M5: 35 | N5: 20 | O5: 25 | P5: =IFERROR(N5+O5,"") -> 45 | Q5: Sí | R5: 4 | S5: Respondió rápido, mandó fotos de fábrica reales | T5: =IF(A5="","",IF(AND(C5="Sí",D5="Sí",IFERROR(G5<=$X$4,FALSE()),IFERROR(J5<=$X$5,FALSE()),IFERROR(P5<=$X$6,FALSE()),IFERROR(R5>=$X$7,FALSE())),"Sí","No")) -> No | U5: =IF(A5="","",IFERROR(ROUND((IF(C5="Sí",20,0))+(IF(D5="Sí",20,0))+(IF(G5>0,MAX(0,20-G5),0))+(IF(J5>0,MAX(0,15-(J5/10)),0))+(IF(P5>0,MAX(0,15-(P5/5)),0))+(R5*2),1),0)) -> 74.2 | W5: MOQ máximo aceptable (unidades) | X5: 100
A6: Shenzhen GLPE Medical Device Co., Ltd. | P6: =IFERROR(N6+O6,"") -> 0 | T6: =IF(A6="","",IF(AND(C6="Sí",D6="Sí",IFERROR(G6<=$X$4,FALSE()),IFERROR(J6<=$X$5,FALSE()),IFERROR(P6<=$X$6,FALSE()),IFERROR(R6>=$X$7,FALSE())),"Sí","No")) -> No | U6: =IF(A6="","",IFERROR(ROUND((IF(C6="Sí",20,0))+(IF(D6="Sí",20,0))+(IF(G6>0,MAX(0,20-G6),0))+(IF(J6>0,MAX(0,15-(J6/10)),0))+(IF(P6>0,MAX(0,15-(P6/5)),0))+(R6*2),1),0)) -> 0 | W6: Lead time máx. aceptable (días) | X6: 35
A7: Shenzhen Sungrow Led Technology Co., Ltd. | P7: =IFERROR(N7+O7,"") -> 0 | T7: =IF(A7="","",IF(AND(C7="Sí",D7="Sí",IFERROR(G7<=$X$4,FALSE()),IFERROR(J7<=$X$5,FALSE()),IFERROR(P7<=$X$6,FALSE()),IFERROR(R7>=$X$7,FALSE())),"Sí","No")) -> No | U7: =IF(A7="","",IFERROR(ROUND((IF(C7="Sí",20,0))+(IF(D7="Sí",20,0))+(IF(G7>0,MAX(0,20-G7),0))+(IF(J7>0,MAX(0,15-(J7/10)),0))+(IF(P7>0,MAX(0,15-(P7/5)),0))+(R7*2),1),0)) -> 0 | W7: Comunicación mínima aceptable (1-5) | X7: 3
A8: Shenzhen Sunsred Technology Co., Ltd. | P8: =IFERROR(N8+O8,"") -> 0 | T8: =IF(A8="","",IF(AND(C8="Sí",D8="Sí",IFERROR(G8<=$X$4,FALSE()),IFERROR(J8<=$X$5,FALSE()),IFERROR(P8<=$X$6,FALSE()),IFERROR(R8>=$X$7,FALSE())),"Sí","No")) -> No | U8: =IF(A8="","",IFERROR(ROUND((IF(C8="Sí",20,0))+(IF(D8="Sí",20,0))+(IF(G8>0,MAX(0,20-G8),0))+(IF(J8>0,MAX(0,15-(J8/10)),0))+(IF(P8>0,MAX(0,15-(P8/5)),0))+(R8*2),1),0)) -> 0
A9: Shenzhen Azure Technology Co., Ltd. | P9: =IFERROR(N9+O9,"") -> 0 | T9: =IF(A9="","",IF(AND(C9="Sí",D9="Sí",IFERROR(G9<=$X$4,FALSE()),IFERROR(J9<=$X$5,FALSE()),IFERROR(P9<=$X$6,FALSE()),IFERROR(R9>=$X$7,FALSE())),"Sí","No")) -> No | U9: =IF(A9="","",IFERROR(ROUND((IF(C9="Sí",20,0))+(IF(D9="Sí",20,0))+(IF(G9>0,MAX(0,20-G9),0))+(IF(J9>0,MAX(0,15-(J9/10)),0))+(IF(P9>0,MAX(0,15-(P9/5)),0))+(R9*2),1),0)) -> 0
A10: Shenzhen Perfect Idea Tech Co., Ltd. | P10: =IFERROR(N10+O10,"") -> 0 | T10: =IF(A10="","",IF(AND(C10="Sí",D10="Sí",IFERROR(G10<=$X$4,FALSE()),IFERROR(J10<=$X$5,FALSE()),IFERROR(P10<=$X$6,FALSE()),IFERROR(R10>=$X$7,FALSE())),"Sí","No")) -> No | U10: =IF(A10="","",IFERROR(ROUND((IF(C10="Sí",20,0))+(IF(D10="Sí",20,0))+(IF(G10>0,MAX(0,20-G10),0))+(IF(J10>0,MAX(0,15-(J10/10)),0))+(IF(P10>0,MAX(0,15-(P10/5)),0))+(R10*2),1),0)) -> 0
A11: Shenzhen Andy Photoelectric Technology Co., Ltd. | P11: =IFERROR(N11+O11,"") -> 0 | T11: =IF(A11="","",IF(AND(C11="Sí",D11="Sí",IFERROR(G11<=$X$4,FALSE()),IFERROR(J11<=$X$5,FALSE()),IFERROR(P11<=$X$6,FALSE()),IFERROR(R11>=$X$7,FALSE())),"Sí","No")) -> No | U11: =IF(A11="","",IFERROR(ROUND((IF(C11="Sí",20,0))+(IF(D11="Sí",20,0))+(IF(G11>0,MAX(0,20-G11),0))+(IF(J11>0,MAX(0,15-(J11/10)),0))+(IF(P11>0,MAX(0,15-(P11/5)),0))+(R11*2),1),0)) -> 0
A12: Shenzhen Xiazhifeng Electronic Co., Ltd. | P12: =IFERROR(N12+O12,"") -> 0 | T12: =IF(A12="","",IF(AND(C12="Sí",D12="Sí",IFERROR(G12<=$X$4,FALSE()),IFERROR(J12<=$X$5,FALSE()),IFERROR(P12<=$X$6,FALSE()),IFERROR(R12>=$X$7,FALSE())),"Sí","No")) -> No | U12: =IF(A12="","",IFERROR(ROUND((IF(C12="Sí",20,0))+(IF(D12="Sí",20,0))+(IF(G12>0,MAX(0,20-G12),0))+(IF(J12>0,MAX(0,15-(J12/10)),0))+(IF(P12>0,MAX(0,15-(P12/5)),0))+(R12*2),1),0)) -> 0
P13: =IFERROR(N13+O13,"") -> 0 | T13: =IF(A13="","",IF(AND(C13="Sí",D13="Sí",IFERROR(G13<=$X$4,FALSE()),IFERROR(J13<=$X$5,FALSE()),IFERROR(P13<=$X$6,FALSE()),IFERROR(R13>=$X$7,FALSE())),"Sí","No")) | U13: =IF(A13="","",IFERROR(ROUND((IF(C13="Sí",20,0))+(IF(D13="Sí",20,0))+(IF(G13>0,MAX(0,20-G13),0))+(IF(J13>0,MAX(0,15-(J13/10)),0))+(IF(P13>0,MAX(0,15-(P13/5)),0))+(R13*2),1),0))
P14: =IFERROR(N14+O14,"") -> 0 | T14: =IF(A14="","",IF(AND(C14="Sí",D14="Sí",IFERROR(G14<=$X$4,FALSE()),IFERROR(J14<=$X$5,FALSE()),IFERROR(P14<=$X$6,FALSE()),IFERROR(R14>=$X$7,FALSE())),"Sí","No")) | U14: =IF(A14="","",IFERROR(ROUND((IF(C14="Sí",20,0))+(IF(D14="Sí",20,0))+(IF(G14>0,MAX(0,20-G14),0))+(IF(J14>0,MAX(0,15-(J14/10)),0))+(IF(P14>0,MAX(0,15-(P14/5)),0))+(R14*2),1),0))
P15: =IFERROR(N15+O15,"") -> 0 | T15: =IF(A15="","",IF(AND(C15="Sí",D15="Sí",IFERROR(G15<=$X$4,FALSE()),IFERROR(J15<=$X$5,FALSE()),IFERROR(P15<=$X$6,FALSE()),IFERROR(R15>=$X$7,FALSE())),"Sí","No")) | U15: =IF(A15="","",IFERROR(ROUND((IF(C15="Sí",20,0))+(IF(D15="Sí",20,0))+(IF(G15>0,MAX(0,20-G15),0))+(IF(J15>0,MAX(0,15-(J15/10)),0))+(IF(P15>0,MAX(0,15-(P15/5)),0))+(R15*2),1),0))
P16: =IFERROR(N16+O16,"") -> 0 | T16: =IF(A16="","",IF(AND(C16="Sí",D16="Sí",IFERROR(G16<=$X$4,FALSE()),IFERROR(J16<=$X$5,FALSE()),IFERROR(P16<=$X$6,FALSE()),IFERROR(R16>=$X$7,FALSE())),"Sí","No")) | U16: =IF(A16="","",IFERROR(ROUND((IF(C16="Sí",20,0))+(IF(D16="Sí",20,0))+(IF(G16>0,MAX(0,20-G16),0))+(IF(J16>0,MAX(0,15-(J16/10)),0))+(IF(P16>0,MAX(0,15-(P16/5)),0))+(R16*2),1),0))
P17: =IFERROR(N17+O17,"") -> 0 | T17: =IF(A17="","",IF(AND(C17="Sí",D17="Sí",IFERROR(G17<=$X$4,FALSE()),IFERROR(J17<=$X$5,FALSE()),IFERROR(P17<=$X$6,FALSE()),IFERROR(R17>=$X$7,FALSE())),"Sí","No")) | U17: =IF(A17="","",IFERROR(ROUND((IF(C17="Sí",20,0))+(IF(D17="Sí",20,0))+(IF(G17>0,MAX(0,20-G17),0))+(IF(J17>0,MAX(0,15-(J17/10)),0))+(IF(P17>0,MAX(0,15-(P17/5)),0))+(R17*2),1),0))
P18: =IFERROR(N18+O18,"") -> 0 | T18: =IF(A18="","",IF(AND(C18="Sí",D18="Sí",IFERROR(G18<=$X$4,FALSE()),IFERROR(J18<=$X$5,FALSE()),IFERROR(P18<=$X$6,FALSE()),IFERROR(R18>=$X$7,FALSE())),"Sí","No")) | U18: =IF(A18="","",IFERROR(ROUND((IF(C18="Sí",20,0))+(IF(D18="Sí",20,0))+(IF(G18>0,MAX(0,20-G18),0))+(IF(J18>0,MAX(0,15-(J18/10)),0))+(IF(P18>0,MAX(0,15-(P18/5)),0))+(R18*2),1),0))
P19: =IFERROR(N19+O19,"") -> 0 | T19: =IF(A19="","",IF(AND(C19="Sí",D19="Sí",IFERROR(G19<=$X$4,FALSE()),IFERROR(J19<=$X$5,FALSE()),IFERROR(P19<=$X$6,FALSE()),IFERROR(R19>=$X$7,FALSE())),"Sí","No")) | U19: =IF(A19="","",IFERROR(ROUND((IF(C19="Sí",20,0))+(IF(D19="Sí",20,0))+(IF(G19>0,MAX(0,20-G19),0))+(IF(J19>0,MAX(0,15-(J19/10)),0))+(IF(P19>0,MAX(0,15-(P19/5)),0))+(R19*2),1),0))
P20: =IFERROR(N20+O20,"") -> 0 | T20: =IF(A20="","",IF(AND(C20="Sí",D20="Sí",IFERROR(G20<=$X$4,FALSE()),IFERROR(J20<=$X$5,FALSE()),IFERROR(P20<=$X$6,FALSE()),IFERROR(R20>=$X$7,FALSE())),"Sí","No")) | U20: =IF(A20="","",IFERROR(ROUND((IF(C20="Sí",20,0))+(IF(D20="Sí",20,0))+(IF(G20>0,MAX(0,20-G20),0))+(IF(J20>0,MAX(0,15-(J20/10)),0))+(IF(P20>0,MAX(0,15-(P20/5)),0))+(R20*2),1),0))
P21: =IFERROR(N21+O21,"") -> 0 | T21: =IF(A21="","",IF(AND(C21="Sí",D21="Sí",IFERROR(G21<=$X$4,FALSE()),IFERROR(J21<=$X$5,FALSE()),IFERROR(P21<=$X$6,FALSE()),IFERROR(R21>=$X$7,FALSE())),"Sí","No")) | U21: =IF(A21="","",IFERROR(ROUND((IF(C21="Sí",20,0))+(IF(D21="Sí",20,0))+(IF(G21>0,MAX(0,20-G21),0))+(IF(J21>0,MAX(0,15-(J21/10)),0))+(IF(P21>0,MAX(0,15-(P21/5)),0))+(R21*2),1),0))
P22: =IFERROR(N22+O22,"") -> 0 | T22: =IF(A22="","",IF(AND(C22="Sí",D22="Sí",IFERROR(G22<=$X$4,FALSE()),IFERROR(J22<=$X$5,FALSE()),IFERROR(P22<=$X$6,FALSE()),IFERROR(R22>=$X$7,FALSE())),"Sí","No")) | U22: =IF(A22="","",IFERROR(ROUND((IF(C22="Sí",20,0))+(IF(D22="Sí",20,0))+(IF(G22>0,MAX(0,20-G22),0))+(IF(J22>0,MAX(0,15-(J22/10)),0))+(IF(P22>0,MAX(0,15-(P22/5)),0))+(R22*2),1),0))
P23: =IFERROR(N23+O23,"") -> 0 | T23: =IF(A23="","",IF(AND(C23="Sí",D23="Sí",IFERROR(G23<=$X$4,FALSE()),IFERROR(J23<=$X$5,FALSE()),IFERROR(P23<=$X$6,FALSE()),IFERROR(R23>=$X$7,FALSE())),"Sí","No")) | U23: =IF(A23="","",IFERROR(ROUND((IF(C23="Sí",20,0))+(IF(D23="Sí",20,0))+(IF(G23>0,MAX(0,20-G23),0))+(IF(J23>0,MAX(0,15-(J23/10)),0))+(IF(P23>0,MAX(0,15-(P23/5)),0))+(R23*2),1),0))
P24: =IFERROR(N24+O24,"") -> 0 | T24: =IF(A24="","",IF(AND(C24="Sí",D24="Sí",IFERROR(G24<=$X$4,FALSE()),IFERROR(J24<=$X$5,FALSE()),IFERROR(P24<=$X$6,FALSE()),IFERROR(R24>=$X$7,FALSE())),"Sí","No")) | U24: =IF(A24="","",IFERROR(ROUND((IF(C24="Sí",20,0))+(IF(D24="Sí",20,0))+(IF(G24>0,MAX(0,20-G24),0))+(IF(J24>0,MAX(0,15-(J24/10)),0))+(IF(P24>0,MAX(0,15-(P24/5)),0))+(R24*2),1),0))
... P29: =IFERROR(N29+O29,"") -> 0 | T29: =IF(A29="","",IF(AND(C29="Sí",D29="Sí",IFERROR(G29<=$X$4,FALSE()),IFERROR(J29<=$X$5,FALSE()),IFERROR(P29<=$X$6,FALSE()),IFERROR(R29>=$X$7,FALSE())),"Sí","No")) | U29: =IF(A29="","",IFERROR(ROUND((IF(C29="Sí",20,0))+(IF(D29="Sí",20,0))+(IF(G29>0,MAX(0,20-G29),0))+(IF(J29>0,MAX(0,15-(J29/10)),0))+(IF(P29>0,MAX(0,15-(P29/5)),0))+(R29*2),1),0))

Sheet Resumen
A1: Resumen — Decisión de Proveedor
A2: Se actualiza automáticamente según la hoja 'Comparativa Proveedores'.
A4: Proveedores contactados | B4: =COUNTIF('Comparativa Proveedores'!$A$5:$A$29,"<>") -> 8
A6: Proveedores que cumplen mínimos | B6: =COUNTIF('Comparativa Proveedores'!$T$5:$T$29,"Sí") -> 0
A8: Precio FOB más bajo encontrado (USD) | B8: =IFERROR(_xlfn.MINIFS('Comparativa Proveedores'!$G$5:$G$29,'Comparativa Proveedores'!$G$5:$G$29,">0"),"-") -> 9.8
A10: Proveedor con mejor puntaje (ganador sugerido) | B10: =IFERROR(INDEX('Comparativa Proveedores'!$A$5:$A$29,MATCH(MAX('Comparativa Proveedores'!$U$5:$U$29),'Comparativa Proveedores'!$U$5:$U$29,0)),"Agrega proveedores primero") -> EJEMPLO — Proveedor Modelo Co., Ltd.
A12: Puntaje del ganador | B12: =IFERROR(MAX('Comparativa Proveedores'!$U$5:$U$29),"-") -> 74.2
A14: Próximo paso recomendado
A15: Pide muestra pagada al proveedor con mejor puntaje. No hagas pedido grande sin recibir y aprobar la muestra física.
